title,link
"""
        Profissões do setor da tecnologia e sustentabilidade estão em alta em 2023
      ""","""//g1.globo.com/busca/click?q=sustentabilidade&p=18&r=1684280166242&u=https%3A%2F%2Fgloboplay.globo.com%2Fv%2F11583053%2F&syn=False&key=d9e63302b72e17cc9361c52c564e4789"""
"""
        UFRR promove evento sobre biodiversidade e sustentabilidade na Amazônia Setentrional
      ""","""//g1.globo.com/busca/click?q=sustentabilidade&p=19&r=1684280166246&u=https%3A%2F%2Fg1.globo.com%2Frr%2Froraima%2Fnoticia%2F2023%2F04%2F26%2Fufrr-promove-evento-sobre-biodiversidade-e-sustentabilidade-na-amazonia-setentrional.ghtml&syn=False&key=66575fd0ea5470598164b0c1bdb0d295"""
"""
        Representante da Google no Brasil discute sustentabilidade em visita ao Grupo Liberal
      ""","""//g1.globo.com/busca/click?q=sustentabilidade&p=68&r=1684280168912&u=https%3A%2F%2Fgloboplay.globo.com%2Fv%2F11505470%2F&syn=False&key=f1f91d57b0adc8ac16a79cf6eb740b07"""
"""
        Encontro Nacional vai debater práticas de sustentabilidade
      ""","""//g1.globo.com/busca/click?q=sustentabilidade&p=138&r=1684280172260&u=https%3A%2F%2Fgloboplay.globo.com%2Fv%2F11206090%2F&syn=False&key=245c3163110ba41f43e3ec1043d1b77c"""
"""
        Centro de Sustentabilidade coordena participação do Sebrae na COP 27
      ""","""//g1.globo.com/busca/click?q=sustentabilidade&p=157&r=1684280172868&u=https%3A%2F%2Fg1.globo.com%2Fmt%2Fmato-grosso%2Fespecial-publicitario%2Fsebrae-mt%2Fempreendedorismo%2Fnoticia%2F2022%2F11%2F07%2Fcentro-de-sustentabilidade-coordena-participacao-do-sebrae-na-cop-27.ghtml&syn=False&key=dad499f1fea17e0098760cf6731706b1"""
"""
        Sustentabilidade em Nova Friburgo
      ""","""//g1.globo.com/busca/click?q=sustentabilidade&p=163&r=1684280172971&u=https%3A%2F%2Fgloboplay.globo.com%2Fv%2F10924851%2F&syn=False&key=d5430e51d27b19a1eaacbee1cb88f73a"""
"""
        Agro 5.0: A busca pela sustentabilidade no campo
      ""","""//g1.globo.com/busca/click?q=sustentabilidade&p=166&r=1684280173507&u=https%3A%2F%2Fgloboplay.globo.com%2Fv%2F11148339%2F&syn=False&key=d84b019014f55cf8392831f58a295568"""
"""
        Compensação ambiental com reflorestamento, SANASA implementa a sustentabilidade
      ""","""//g1.globo.com/busca/click?q=sustentabilidade&p=167&r=1684280173511&u=https%3A%2F%2Fg1.globo.com%2Fsp%2Fcampinas-regiao%2Fespecial-publicitario%2Fsanasa%2Fmomento-sustentabilidade%2Fnoticia%2F2022%2F10%2F24%2Fcompensacao-ambiental-com-reflorestamento-sanasa-implementa-a-sustentabilidade.ghtml&syn=False&key=473287e960a226a1d30fcf0738eb1d90"""
"""
        O Cerrado mineiro está completando meio século de história, um legado de pioneirismo, sustentabilidade e qualidade
      ""","""//g1.globo.com/busca/click?q=sustentabilidade&p=173&r=1684280173595&u=https%3A%2F%2Fg1.globo.com%2Fmg%2Ftriangulo-mineiro%2Fespecial-publicitario%2Fouro-do-cerrado%2Fouro-do-cerrado%2Fnoticia%2F2022%2F11%2F24%2Fo-cerrado-mineiro-esta-completando-meio-seculo-de-historia-um-legado-de-pioneirismo-sustentabilidade-e-qualidade.ghtml&syn=False&key=2a42251b826e1274b0477d67d6503039"""
"""
        Em Israel, Grupo EZOS debate inovação, sustentabilidade e ampliação de mercado
      ""","""//g1.globo.com/busca/click?q=sustentabilidade&p=174&r=1684280173600&u=https%3A%2F%2Fg1.globo.com%2Fsc%2Fsanta-catarina%2Fespecial-publicitario%2Fgrupo-ezos%2Fgrupo-ezos%2Fnoticia%2F2022%2F11%2F23%2Fem-israel-grupo-ezos-debate-inovacao-sustentabilidade-e-ampliacao-de-mercado.ghtml&syn=False&key=0cf919ccf5e3e27680e0df26741cf427"""
"""
        Evento discute sustentabilidade em Florianópolis
      ""","""//g1.globo.com/busca/click?q=sustentabilidade&p=176&r=1684280173608&u=https%3A%2F%2Fgloboplay.globo.com%2Fv%2F10938147%2F&syn=False&key=8d03458529612656c4ef413717f8a755"""
"""
        40ª edição da ExpoApras começa nesta terça-feira (18) na Região de Curitiba
      ""","""//g1.globo.com/busca/click?q=sustentabilidade&p=179&r=1684280173698&u=https%3A%2F%2Fgloboplay.globo.com%2Fv%2F11545177%2F&syn=False&key=92f899601d9dbfd7d057833534044b1e"""
"""
        Festival de Sustentabilidade em Nova Friburgo
      ""","""//g1.globo.com/busca/click?q=sustentabilidade&p=186&r=1684280174427&u=https%3A%2F%2Fgloboplay.globo.com%2Fv%2F10927003%2F&syn=False&key=e32e273221240ae79dc5d8a9b5911d4c"""
"""
        Aulão na Rede: Professor de geografia fala sobre sustentabilidade
      ""","""//g1.globo.com/busca/click?q=sustentabilidade&p=189&r=1684280174438&u=https%3A%2F%2Fgloboplay.globo.com%2Fv%2F11102909%2F&syn=False&key=9f18fabf592c46e96178757d3cf1db8f"""
"""
        Movido a energia solar, cinema itinerante exibe filmes em Boituva
      ""","""//g1.globo.com/busca/click?q=sustentabilidade&p=190&r=1684280174442&u=https%3A%2F%2Fg1.globo.com%2Fsp%2Fitapetininga-regiao%2Fnoticia%2F2023%2F05%2F15%2Fmovido-a-energia-solar-cinema-itinerante-exibe-filmes-em-boituva.ghtml&syn=False&key=b3a2089a30650b1414964cf85a56a2e7"""
"""
        Haddad, Lira e Cajado se reúnem e parecer da nova regra fiscal deve ser finalizado nesta segunda
      ""","""//g1.globo.com/busca/click?q=sustentabilidade&p=197&r=1684280175384&u=https%3A%2F%2Fg1.globo.com%2Fpolitica%2Fnoticia%2F2023%2F05%2F15%2Fhaddad-lira-e-cajado-se-reunem-e-parecer-da-nova-regra-fiscal-deve-ser-finalizado-nesta-segunda.ghtml&syn=False&key=fc92c87e4e7530ae78da8f275525c160"""
"""
        Entenda votação que aprovou emenda que exclui termos 'promoção de direitos humanos', 'diversidade' e 'sustentabilidade' do Plano Municipal de Educação de Mogi
      ""","""//g1.globo.com/busca/click?q=sustentabilidade&p=199&r=1684280175471&u=https%3A%2F%2Fg1.globo.com%2Fsp%2Fmogi-das-cruzes-suzano%2Fnoticia%2F2022%2F12%2F21%2Fentenda-votacao-que-aprovou-emenda-que-exclui-promocao-de-direitos-humanos-diversidade-e-sustentabilidade-do-plano-municipal-de-educacao.ghtml&syn=False&key=ee7f959fedfcdfe4e176041a901ef37b"""
"""
        Clima favorece produção de cafés de região que é reconhecida por investir em sustentabilidade
      ""","""//g1.globo.com/busca/click?q=sustentabilidade&p=201&r=1684280175480&u=https%3A%2F%2Fg1.globo.com%2Fmg%2Ftriangulo-mineiro%2Fespecial-publicitario%2Fouro-do-cerrado%2Fouro-do-cerrado%2Fnoticia%2F2022%2F11%2F04%2Fclima-favorece-producao-de-cafes-de-regiao-que-e-reconhecida-por-investir-em-sustentabilidade.ghtml&syn=False&key=47b86ece7968ef752a369c6b30efc935"""
"""
        Evento online discute negócios e sustentabilidade em Cuiabá
      ""","""//g1.globo.com/busca/click?q=sustentabilidade&p=202&r=1684280175485&u=https%3A%2F%2Fgloboplay.globo.com%2Fv%2F11058901%2F&syn=False&key=cad0648dd767a784b9e94744b6fc6ec3"""
"""
        Pedro Cunha Lima promete investir em sustentabilidade na Paraíba
      ""","""//g1.globo.com/busca/click?q=sustentabilidade&p=203&r=1684280175489&u=https%3A%2F%2Fg1.globo.com%2Fpb%2Fparaiba%2Feleicoes%2F2022%2Fnoticia%2F2022%2F09%2F20%2Fpedro-cunha-lima-promete-investir-em-sustentabilidade-na-paraiba.ghtml&syn=False&key=080bb4adbd1f9d7ac8ac9a770bcc700a"""
"""
        Mauro Benevides Filho: teto deve considerar sustentabilidade da dívida e arrecadação maior
      ""","""//g1.globo.com/busca/click?q=sustentabilidade&p=205&r=1684280175571&u=https%3A%2F%2Fg1.globo.com%2Fglobonews%2Fespecial-de-domingo%2Fvideo%2Fmauro-benevides-filho-teto-deve-considerar-sustentabilidade-da-divida-e-arrecadacao-maior-11159864.ghtml&syn=False&key=f1e28d7cc1af7de5981105a54d011884"""
"""
        Centro de Estudos em Sustentabilidade faz estudo sobre mudanças climáticas no Alto Tietê
      ""","""//g1.globo.com/busca/click?q=sustentabilidade&p=207&r=1684280175579&u=https%3A%2F%2Fgloboplay.globo.com%2Fv%2F11146419%2F&syn=False&key=319d661fe7c31b320c5ed081a05f6f72"""
"""
        MG1 começa série sobre mobilidade urbana e sustentabilidade
      ""","""//g1.globo.com/busca/click?q=sustentabilidade&p=209&r=1684280175590&u=https%3A%2F%2Fgloboplay.globo.com%2Fv%2F11040881%2F&syn=False&key=f397af180f74b84410c725c67ce2872b"""
"""
        Sustentabilidade: energia renovável é usada na produção de azeitonas brasileiras
      ""","""//g1.globo.com/busca/click?q=sustentabilidade&p=213&r=1684280176372&u=https%3A%2F%2Fg1.globo.com%2Fpr%2Fparana%2Fespecial-publicitario%2Fvale-fertil%2Fvale-dica-por-especialistas-em-azeitonas%2Fnoticia%2F2022%2F09%2F20%2Fsustentabilidade-energia-renovavel-e-usada-na-producao-de-azeitonas-brasileiras.ghtml&syn=False&key=c3c35c740177f75153a2f9d9a5985b9e"""
"""
        Arquiteta dá dicas para tornar um imóvel mais sustentável
      ""","""//g1.globo.com/busca/click?q=sustentabilidade&p=214&r=1684280176376&u=https%3A%2F%2Fg1.globo.com%2Fsp%2Fsao-jose-do-rio-preto-aracatuba%2Fmercado-imobiliario-do-interior%2Fnoticia%2F2023%2F05%2F16%2Farquiteta-da-dicas-para-tornar-um-imovel-mais-sustentavel.ghtml&syn=False&key=2f26993e7e0254446b05e8e3a8fcfc0a"""
"""
        Sustentabilidade ganha força em construções na Baixada Santista
      ""","""//g1.globo.com/busca/click?q=sustentabilidade&p=220&r=1684280176403&u=https%3A%2F%2Fg1.globo.com%2Fsp%2Fsantos-regiao%2Fespecial-publicitario%2Fsummit-da-construcao-civil%2Fmercado-imobiliario-baixada-santista%2Fnoticia%2F2022%2F08%2F25%2Fsustentabilidade-ganha-forca-em-construcoes-na-baixada-santista.ghtml&syn=False&key=aba654114317559cb9a224f3da6c62c9"""
"""
        Oásis Beach Residence Chama Atenção Também Pelo Seu Paisagismo e Arquitetura
      ""","""//g1.globo.com/busca/click?q=sustentabilidade&p=224&r=1684280176473&u=https%3A%2F%2Fg1.globo.com%2Fal%2Falagoas%2Fespecial-publicitario%2Fvale-empreendimento-imobiliari%2Flitoral-sul-novas-descobertas-para-alagoas%2Fnoticia%2F2023%2F03%2F21%2Foasis-beach-residence-chama-atencao-tambem-pelo-seu-paisagismo-e-arquitetura.ghtml&syn=False&key=32b0a05e4ab67cc3911faec028284cc8"""
"""
        Escola municipal de Ponta Grossa é modelo de sustentabilidade
      ""","""//g1.globo.com/busca/click?q=sustentabilidade&p=225&r=1684280176479&u=https%3A%2F%2Fgloboplay.globo.com%2Fv%2F11009300%2F&syn=False&key=bd9ee720e1f55fd72c93104af9ceb383"""
"""
        Comunidade Vila Claudete, no Cabo de Santo Agostinho, é exemplo de sustentabilidade
      ""","""//g1.globo.com/busca/click?q=sustentabilidade&p=226&r=1684280177497&u=https%3A%2F%2Fg1.globo.com%2Fpe%2Fpernambuco%2Fne1%2Fvideo%2Fcomunidade-vila-claudete-no-cabo-de-santo-agostinho-e-exemplo-de-sustentabilidade-11130133.ghtml&syn=False&key=8ecbf2caace7104760d3dd16798fcf06"""
"""
        Feira da Sustentabilidade em Nova Friburgo, RJ
      ""","""//g1.globo.com/busca/click?q=sustentabilidade&p=231&r=1684280177519&u=https%3A%2F%2Fgloboplay.globo.com%2Fv%2F10926468%2F&syn=False&key=5abc4fc3bea9b622b5d141563a116344"""
"""
        'Semana Nacional de Museus' tem programação gratuita em espaços culturais de Manaus
      ""","""//g1.globo.com/busca/click?q=sustentabilidade&p=234&r=1684280177603&u=https%3A%2F%2Fg1.globo.com%2Fam%2Famazonas%2Fnoticia%2F2023%2F05%2F15%2Fsemana-nacional-de-museus-tem-programacao-gratuita-em-espacos-culturais-de-manaus.ghtml&syn=False&key=758bd4afbf574bf362891978710b279e"""
"""
        Projeto da Justiça do Trabalho alia conciliação e sustentabilidade
      ""","""//g1.globo.com/busca/click?q=sustentabilidade&p=238&r=1684280177699&u=https%3A%2F%2Fgloboplay.globo.com%2Fv%2F10959189%2F&syn=False&key=ee1f6af5da43b03fa4dbc2ca40f0a78b"""
"""
        Oktoberfest Blumenau espera receber 600 mil pessoas com ações de sustentabilidade
      ""","""//g1.globo.com/busca/click?q=sustentabilidade&p=240&r=1684280177705&u=https%3A%2F%2Fg1.globo.com%2Fjornal-nacional%2Fnoticia%2F2022%2F10%2F13%2Foktoberfest-blumenau-espera-receber-600-mil-pessoas-com-acoes-de-sustentabilidade.ghtml&syn=False&key=9dbfb084d6e89da165ed75ecd2ce7c3b"""
"""
        Pedro Cunha Lima promete investir em sustentabilidade na Paraíba
      ""","""//g1.globo.com/busca/click?q=sustentabilidade&p=241&r=1684280178327&u=https%3A%2F%2Fgloboplay.globo.com%2Fv%2F10952673%2F&syn=False&key=3ec3beeb0915368b8d2da8d3f2390430"""
"""
        Feira Pará Negócios lança programação da edição 2023
      ""","""//g1.globo.com/busca/click?q=sustentabilidade&p=242&r=1684280178329&u=https%3A%2F%2Fg1.globo.com%2Fpa%2Fpara%2Fnoticia%2F2023%2F05%2F15%2Ffeira-para-negocios-lanca-programacao-da-edicao-2023.ghtml&syn=False&key=1fab880eaac547940a71273490b3779e"""
"""
        Evento gastronômico reúne música, esporte e sustentabilidade no Taquaral, em Campinas
      ""","""//g1.globo.com/busca/click?q=sustentabilidade&p=247&r=1684280178338&u=https%3A%2F%2Fg1.globo.com%2Fsp%2Fcampinas-regiao%2Fnoticia%2F2022%2F10%2F07%2Fevento-gastronomico-reune-musica-esporte-e-sustentabilidade-no-taquaral-em-campinas.ghtml&syn=False&key=172df5889aaeb56954c5d28e20019e4f"""
"""
        Semana em Ribeirão Preto tem várias atividades para incentivar a sustentabilidade
      ""","""//g1.globo.com/busca/click?q=sustentabilidade&p=249&r=1684280178342&u=https%3A%2F%2Fgloboplay.globo.com%2Fv%2F11053197%2F&syn=False&key=8245225f0f7241e9739a1c3d528d9303"""
"""
        Sesc de Mogi faz feira de sustentabilidade a partir desta sexta-feira
      ""","""//g1.globo.com/busca/click?q=sustentabilidade&p=250&r=1684280178344&u=https%3A%2F%2Fgloboplay.globo.com%2Fv%2F11070052%2F&syn=False&key=795e7725e4816d5771c17c43465503dd"""
"""
        Reciclagem de pneus traz economia e é aliada à sustentabilidade
      ""","""//g1.globo.com/busca/click?q=sustentabilidade&p=251&r=1684280178346&u=https%3A%2F%2Fgloboplay.globo.com%2Fv%2F10936030%2F&syn=False&key=6bf8e1a400aa1bb7a94895be3287f541"""
"""
        Oportunidade de negócios com sustentabilidade
      ""","""//g1.globo.com/busca/click?q=sustentabilidade&p=252&r=1684280178347&u=https%3A%2F%2Fgloboplay.globo.com%2Fv%2F10646647%2F&syn=False&key=840c357ccc8f91f3d48239ec134db059"""
"""
        Donos de pequenos negócios estão cada vez mais atentos à sustentabilidade, aponta Sebrae
      ""","""//g1.globo.com/busca/click?q=sustentabilidade&p=254&r=1684280178351&u=https%3A%2F%2Fgloboplay.globo.com%2Fv%2F11128960%2F&syn=False&key=d8bf2e50fc9a42adf3f5943bccf7e60d"""
"""
        Futuro da Moda: sustentabilidade dá o tom da reivenção do mercado
      ""","""//g1.globo.com/busca/click?q=sustentabilidade&p=256&r=1684280178765&u=https%3A%2F%2Fgloboplay.globo.com%2Fv%2F10964960%2F&syn=False&key=5a2d00bd07e0cfbcfbb9d869e0dc149d"""
"""
        Senador Canedo tem projeto de sustentabilidade neste sábado
      ""","""//g1.globo.com/busca/click?q=sustentabilidade&p=258&r=1684280178770&u=https%3A%2F%2Fgloboplay.globo.com%2Fv%2F10887476%2F&syn=False&key=6e183086d20189e62160db39f114b220"""
"""
        Sustentabilidade e mineração em convergência
      ""","""//g1.globo.com/busca/click?q=sustentabilidade&p=263&r=1684280178783&u=https%3A%2F%2Fg1.globo.com%2Fmg%2Fminas-gerais%2Fespecial-publicitario%2Fminas-do-amanha%2Fsustentabilidade%2Fnoticia%2F2022%2F03%2F28%2Fsustentabilidade-e-mineracao-em-convergencia.ghtml&syn=False&key=f7fa7ffca7f4a5e66113adfd0c6fec2c"""
"""
        Brechós e sebos incentivam o consumo consciente e a sustentabilidade
      ""","""//g1.globo.com/busca/click?q=sustentabilidade&p=266&r=1684280178870&u=https%3A%2F%2Fgloboplay.globo.com%2Fv%2F10882567%2F&syn=False&key=dfe2e21e1b012dc4f523d7f131fbf7b3"""
"""
        Concurso de qualidade e sustentabilidade do Cacau começa nesta quinta (8) em Jaru, RO
      ""","""//g1.globo.com/busca/click?q=sustentabilidade&p=269&r=1684280178876&u=https%3A%2F%2Fg1.globo.com%2Fro%2Frondonia%2Frondonia-rural%2Fnoticia%2F2022%2F09%2F08%2Fconcurso-de-qualidade-e-sustentabilidade-do-cacau-comeca-nesta-quinta-8-em-jaru-ro.ghtml&syn=False&key=ea7ab942d83e839ccb2608691bb52884"""
"""
        Usina solar do Sicredi evita emissão de 24 mil toneladas de poluentes
      ""","""//g1.globo.com/busca/click?q=sustentabilidade&p=270&r=1684280178878&u=https%3A%2F%2Fg1.globo.com%2Fmt%2Fmato-grosso%2Fespecial-publicitario%2Fsicredi%2Fsicredi-ouro-verde-mt%2Fnoticia%2F2023%2F03%2F22%2Fusina-solar-do-sicredi-evita-emissao-de-24-mil-toneladas-de-poluentes.ghtml&syn=False&key=fe9ac3186ce2fedc410e76df6f83872b"""
"""
        Rock in Rio por um mundo melhor: quais as ações de sustentabilidade do festival?
      ""","""//g1.globo.com/busca/click?q=sustentabilidade&p=271&r=1684280179382&u=https%3A%2F%2Fg1.globo.com%2Fpop-arte%2Fmusica%2Frock-in-rio%2F2022%2Fnoticia%2F2022%2F08%2F29%2Frock-in-rio-por-um-mundo-melhor-quais-as-acoes-de-sustentabilidade-do-festival.ghtml&syn=False&key=ed6e8143e024ecb77b0e3a7b4868c663"""
"""
        Em SP, Alckmin reforça busca por acordos comerciais na América Latina: 'temos que começar pelos vizinhos'
      ""","""//g1.globo.com/busca/click?q=sustentabilidade&p=274&r=1684280179396&u=https%3A%2F%2Fg1.globo.com%2Fsp%2Fsao-paulo%2Fnoticia%2F2023%2F05%2F15%2Fem-sp-alckmin-reforca-busca-por-acordos-comerciais-na-america-latina-temos-que-comecar-pelos-vizinhos.ghtml&syn=False&key=51e724aff25d200af4ab367bf808e99c"""
"""
        Projeto oferece oficina para ajudar contribuintes na declaração do Imposto de Renda
      ""","""//g1.globo.com/busca/click?q=sustentabilidade&p=278&r=1684280179425&u=https%3A%2F%2Fg1.globo.com%2Frs%2Frio-grande-do-sul%2Fnoticia%2F2023%2F03%2F21%2Fprojeto-oferece-oficina-para-ajudar-contribuintes-na-declaracao-do-imposto-de-renda.ghtml&syn=False&key=c4387d0e06854339a17831ed7b9885d2"""
"""
        Desafios da sustentabilidade em Minas Gerais
      ""","""//g1.globo.com/busca/click?q=sustentabilidade&p=279&r=1684280179429&u=https%3A%2F%2Fg1.globo.com%2Fmg%2Fminas-gerais%2Fespecial-publicitario%2Fminas-do-amanha%2Fsustentabilidade%2Fnoticia%2F2022%2F03%2F14%2Fdesafios-da-sustentabilidade-em-minas-gerais.ghtml&syn=False&key=7d6287c6ca9f26c48e9e267001cc5247"""
"""
        Psol e Rede Sustentabilidade realizam convenção em Belém
      ""","""//g1.globo.com/busca/click?q=sustentabilidade&p=281&r=1684280179438&u=https%3A%2F%2Fgloboplay.globo.com%2Fv%2F10824050%2F&syn=False&key=cf8e51f11c334e7258b01320035e4df6"""
"""
        Alunos de uma escola de Angatuba participam de aula sobre sustentabilidade
      ""","""//g1.globo.com/busca/click?q=sustentabilidade&p=282&r=1684280179442&u=https%3A%2F%2Fgloboplay.globo.com%2Fv%2F10880800%2F&syn=False&key=4a80582b0c0bd44b7a8788d1a9b49707"""
"""
        Estratégias de sustentabilidade em SC
      ""","""//g1.globo.com/busca/click?q=sustentabilidade&p=287&r=1684280180103&u=https%3A%2F%2Fgloboplay.globo.com%2Fv%2F10442560%2F&syn=False&key=6dc1727f69d85cc1c1f3fe7d7cb6859a"""
"""
        Usina sucroalcooleira tem ações de sustentabilidade em Narandiba
      ""","""//g1.globo.com/busca/click?q=sustentabilidade&p=288&r=1684280180106&u=https%3A%2F%2Fgloboplay.globo.com%2Fv%2F10785845%2F&syn=False&key=ce58b1fb319efa41820ec24d0feb85db"""
"""
        Sustentabilidade da cadeia produtiva do algodão, soja e milho é destaque no ‘Boletim Agro’
      ""","""//g1.globo.com/busca/click?q=sustentabilidade&p=290&r=1684280180114&u=https%3A%2F%2Fgloboplay.globo.com%2Fv%2F10934779%2F&syn=False&key=067d71869fae0f8b44d7904d43dcefe0"""
"""
        Semana Mundial de Limpeza movimenta atividades de sustentabilidade em Presidente Prudente
      ""","""//g1.globo.com/busca/click?q=sustentabilidade&p=292&r=1684280180122&u=https%3A%2F%2Fgloboplay.globo.com%2Fv%2F10931080%2F&syn=False&key=9ece4ea6c8f4a17953b3fe4ca5e23159"""
"""
        Globo adere ao Pacto Global de sustentabilidade da ONU
      ""","""//g1.globo.com/busca/click?q=sustentabilidade&p=294&r=1684280180150&u=https%3A%2F%2Fgloboplay.globo.com%2Fv%2F10760255%2F&syn=False&key=79da064e79fd539a50f4ee2de4d80f9b"""
"""
        Minas do Amanhã - Sustentabilidade 2
      ""","""//g1.globo.com/busca/click?q=sustentabilidade&p=297&r=1684280180160&u=https%3A%2F%2Fgloboplay.globo.com%2Fv%2F10363642%2F&syn=False&key=f47745e900a405bbb8ce3ac5b0b96c6d"""
"""
        Liceu de Ofícios abre inscrições pra 4 cursos
      ""","""//g1.globo.com/busca/click?q=sustentabilidade&p=304&r=1684280180804&u=https%3A%2F%2Fgloboplay.globo.com%2Fv%2F11515611%2F&syn=False&key=3eda569615256203524d5852999e7192"""
"""
        Feira de Ciência, Sustentabilidade e Inovação é realizada em Balsas
      ""","""//g1.globo.com/busca/click?q=sustentabilidade&p=307&r=1684280180872&u=https%3A%2F%2Fgloboplay.globo.com%2Fv%2F10711197%2F&syn=False&key=a7a8d72bdc485fc5222445c1e724c593"""
"""
        Ministério do Meio Ambiente oferece cursos gratuitos de sustentabilidade
      ""","""//g1.globo.com/busca/click?q=sustentabilidade&p=309&r=1684280180876&u=https%3A%2F%2Fgloboplay.globo.com%2Fv%2F10676795%2F&syn=False&key=0facd82fd2a159679c84a2dab29596a2"""
"""
        Conferência debate uso da tecnologia a favor da sustentabilidade
      ""","""//g1.globo.com/busca/click?q=sustentabilidade&p=312&r=1684280180971&u=https%3A%2F%2Fgloboplay.globo.com%2Fv%2F10693273%2F&syn=False&key=63098c0a0cf715e4d4bffdf79fdf3a33"""
"""
        Telha geradora de energia e solo que respira: do custo a economias, conheça casa referência nacional de sustentabilidade em Piracicaba
      ""","""//g1.globo.com/busca/click?q=sustentabilidade&p=313&r=1684280180974&u=https%3A%2F%2Fg1.globo.com%2Fsp%2Fpiracicaba-regiao%2Fnoticia%2F2022%2F09%2F04%2Ftelha-geradora-de-energia-e-solo-que-respira-do-custo-a-economias-conheca-casa-referencia-nacional-de-sustentabilidade-em-piracicaba.ghtml&syn=False&key=0ea9550ac780fdc6c9d8295e2a585628"""
"""
        Sustentabilidade transforma empresas de pequenos negócios por meio da moda
      ""","""//g1.globo.com/busca/click?q=sustentabilidade&p=314&r=1684280180976&u=https%3A%2F%2Fgloboplay.globo.com%2Fv%2F10663939%2F&syn=False&key=0226d999fd53f4da9f1e9f2de8738d32"""
"""
        Oktoberfest tem plano de sustentabilidade em Blumenau
      ""","""//g1.globo.com/busca/click?q=sustentabilidade&p=316&r=1684280181535&u=https%3A%2F%2Fgloboplay.globo.com%2Fv%2F10500125%2F&syn=False&key=1776bb62ae553e0af114f449bb7c0640"""
"""
        Lins: Pano de fundo da grosseria de Guedes com a França é o desprezo pela sustentabilidade
      ""","""//g1.globo.com/busca/click?q=sustentabilidade&p=317&r=1684280181538&u=https%3A%2F%2Fg1.globo.com%2Fglobonews%2Fglobonews-em-pauta%2Fvideo%2Flins-pano-de-fundo-da-grosseria-de-guedes-com-a-franca-e-o-desprezo-pela-sustentabilidade-10838643.ghtml&syn=False&key=0ac165ad6de7ac3c921db3049aa0579a"""
"""
        Projeto de compostagem de Teresina é premiado em evento de sustentabilidade da ONU, na Polônia
      ""","""//g1.globo.com/busca/click?q=sustentabilidade&p=318&r=1684280181543&u=https%3A%2F%2Fg1.globo.com%2Fpi%2Fpiaui%2Fnoticia%2F2022%2F06%2F30%2Fprojeto-de-compostagem-de-teresina-e-premiado-em-evento-da-onu-na-polonia-nesta-quinta-feira-30.ghtml&syn=False&key=4078c4a018a2c1dcae3f20273f80ec76"""
"""
        Sustentabilidade e qualidade acima de tudo: João Portugal Ramos recebe certificação pela produção sustentável
      ""","""//g1.globo.com/busca/click?q=sustentabilidade&p=319&r=1684280181548&u=https%3A%2F%2Fg1.globo.com%2Fpr%2Fparana%2Fespecial-publicitario%2Fporto-a-porto%2Fguia-do-vinho-e-da-gastronomia%2Fnoticia%2F2022%2F06%2F24%2Fsustentabilidade-e-qualidade-acima-de-tudo-joao-portugal-ramos-recebe-certificacao-pela-producao-sustentavel.ghtml&syn=False&key=f4bae97e10c0292ab33c79391cc7f510"""
"""
        Projeto promove sustentabilidade na produção de cafés em áreas indígenas
      ""","""//g1.globo.com/busca/click?q=sustentabilidade&p=322&r=1684280181560&u=https%3A%2F%2Fgloboplay.globo.com%2Fv%2F10657984%2F&syn=False&key=891e173a16185d31cd86e2d5a47ba642"""
"""
        Compartilhando: pedágio solidário, castração social e sustentabilidade
      ""","""//g1.globo.com/busca/click?q=sustentabilidade&p=325&r=1684280181571&u=https%3A%2F%2Fgloboplay.globo.com%2Fv%2F10527692%2F&syn=False&key=0c2c343e528d039196f9d34473e091b0"""
"""
        São Paulo recebe o Green Nation - festival interativo de sustentabilidade
      ""","""//g1.globo.com/busca/click?q=sustentabilidade&p=328&r=1684280181583&u=https%3A%2F%2Fgloboplay.globo.com%2Fv%2F10742936%2F&syn=False&key=26f4c7ff8306d0bb5875b5eba0360c2a"""
"""
        Rede Sustentabilidade retira candidatura de Lucas Abrahão ao governo do Amapá
      ""","""//g1.globo.com/busca/click?q=sustentabilidade&p=331&r=1684280182451&u=https%3A%2F%2Fg1.globo.com%2Fap%2Famapa%2Feleicoes%2F2022%2Fnoticia%2F2022%2F06%2F25%2Frede-sustentabilidade-retira-candidatura-de-lucas-abrahao-ao-governo-do-amapa.ghtml&syn=False&key=72fc131a72e4a7a4db0b98903f8940f7"""
"""
        Globo assina Pacto Global da ONU e lança 1º relatório de sustentabilidade
      ""","""//g1.globo.com/busca/click?q=sustentabilidade&p=336&r=1684280182472&u=https%3A%2F%2Fg1.globo.com%2Fglobonews%2Fjornal-das-dez%2Fvideo%2Fglobo-assina-pacto-global-da-onu-e-lanca-1o-relatorio-de-sustentabilidade-10760119.ghtml&syn=False&key=49fb05be2cd6a528f234800afe81aaa2"""
"""
        Como CLT e agroecologia viraram propaganda do 'made in Brazil' na Europa
      ""","""//g1.globo.com/busca/click?q=sustentabilidade&p=340&r=1684280182488&u=https%3A%2F%2Fg1.globo.com%2Ftrabalho-e-carreira%2Fnoticia%2F2023%2F03%2F30%2Fcomo-clt-e-agroecologia-viraram-propaganda-do-made-in-brazil-na-europa.ghtml&syn=False&key=4961bbaa3d1f73a34d1ebd32f8aaef50"""
"""
        Semana Nacional dos Museus no Paço do Frevo tem programação variada e show da Orquestra Cidadã
      ""","""//g1.globo.com/busca/click?q=sustentabilidade&p=344&r=1684280182559&u=https%3A%2F%2Fg1.globo.com%2Fpe%2Fpernambuco%2Fo-que-fazer-no-recife%2Fnoticia%2F2023%2F05%2F14%2Fsemana-nacional-dos-museus-no-paco-do-frevo-tem-programacao-variada-e-show-da-orquestra-cidada.ghtml&syn=False&key=62c147659f0dbc0a6204e26510095d25"""
"""
        Inscrições dos Jogos Escolares da Sustentabilidade estão abertas em Mogi das Cruzes
      ""","""//g1.globo.com/busca/click?q=sustentabilidade&p=345&r=1684280182562&u=https%3A%2F%2Fg1.globo.com%2Fsp%2Fmogi-das-cruzes-suzano%2Fnoticia%2F2022%2F05%2F18%2Finscricoes-dos-jogos-escolares-da-sustentabilidade-estao-abertas-em-mogi-das-cruzes.ghtml&syn=False&key=44db354bef02c7c8b0ec79ba0de35751"""
"""
        Inscrições dos Jogos Escolares da Sustentabilidade estão abertas em Mogi das Cruzes
      ""","""//g1.globo.com/busca/click?q=sustentabilidade&p=346&r=1684280183122&u=https%3A%2F%2Fg1.globo.com%2Fsp%2Fmogi-das-cruzes-suzano%2Fnoticia%2F2022%2F05%2F18%2Finscricoes-dos-jogos-escolares-da-sustentabilidade-estao-abertas-em-mogi-das-cruzes.ghtml&syn=False&key=44db354bef02c7c8b0ec79ba0de35751"""
"""
        Organização da Oktoberfest apresenta plano de sustentabilidade do evento
      ""","""//g1.globo.com/busca/click?q=sustentabilidade&p=356&r=1684280183204&u=https%3A%2F%2Fgloboplay.globo.com%2Fv%2F10498347%2F&syn=False&key=847dc1cadc0e68a21062ba742563cba2"""
"""
        Ações individuais podem ajudar na busca pela sustentabilidade; veja dicas
      ""","""//g1.globo.com/busca/click?q=sustentabilidade&p=359&r=1684280183216&u=https%3A%2F%2Fgloboplay.globo.com%2Fv%2F10641043%2F&syn=False&key=d8c3dc7589b01fc6d87346d900849f51"""
"""
        Sustentabilidade na prática: dicas da cozinha lixo zero para adotar no seu restaurante
      ""","""//g1.globo.com/busca/click?q=sustentabilidade&p=360&r=1684280183220&u=https%3A%2F%2Fg1.globo.com%2Fespecial-publicitario%2Fvae%2Fnoticia%2F2022%2F05%2F04%2Fsustentabilidade-na-pratica-dicas-da-cozinha-lixo-zero-para-adotar-no-seu-restaurante.ghtml&syn=False&key=7269961e22646d7613c83063169270d8"""
"""
        Estabelecimentos são autuados durante operação em bairros de Manaus
      ""","""//g1.globo.com/busca/click?q=sustentabilidade&p=364&r=1684280184233&u=https%3A%2F%2Fg1.globo.com%2Fam%2Famazonas%2Fnoticia%2F2023%2F05%2F13%2Festabelecimentos-sao-autuados-durante-operacao-em-bairros-de-manaus.ghtml&syn=False&key=4010115ca9c48167773696c794f3ab47"""
"""
        Mogi das Cruzes tem inscrições para Jogos Escolares da Sustentabilidade
      ""","""//g1.globo.com/busca/click?q=sustentabilidade&p=367&r=1684280184239&u=https%3A%2F%2Fgloboplay.globo.com%2Fv%2F10596766%2F&syn=False&key=32f45e24513269b1d32fb567ecd7f944"""
"""
        Arquiteta do interior de SP aposta em sustentabilidade para criar projetos residenciais
      ""","""//g1.globo.com/busca/click?q=sustentabilidade&p=368&r=1684280184240&u=https%3A%2F%2Fg1.globo.com%2Fsp%2Fsao-jose-do-rio-preto-aracatuba%2Fmercado-imobiliario-do-interior%2Fnoticia%2F2022%2F04%2F26%2Farquiteta-do-interior-de-sp-aposta-em-sustentabilidade-para-criar-projetos-residenciais.ghtml&syn=False&key=edd986ef7d2ec324210d85c88f686c8d"""
"""
        Cade minha vaga: conheça mais sobre a função de diretor sustentável
      ""","""//g1.globo.com/busca/click?q=sustentabilidade&p=369&r=1684280184242&u=https%3A%2F%2Fgloboplay.globo.com%2Fv%2F11486584%2F&syn=False&key=5c0ee080800e955c6b0252259068d506"""
"""
        Economia de combustível e sustentabilidade: conheça o OKOflex
      ""","""//g1.globo.com/busca/click?q=sustentabilidade&p=371&r=1684280184245&u=https%3A%2F%2Fg1.globo.com%2Fsp%2Fcampinas-regiao%2Fterra-da-gente%2Fespecial-publicitario%2Fokoflex%2Fnoticia%2F2021%2F10%2F19%2Feconomia-de-combustivel-e-sustentabilidade-conheca-o-okoflex.ghtml&syn=False&key=030a5c3d90188df3591659b06bd9fb8f"""
"""
        Ações de sustentabilidade podem ajudar a proteger a Serra do Curral
      ""","""//g1.globo.com/busca/click?q=sustentabilidade&p=372&r=1684280184247&u=https%3A%2F%2Fg1.globo.com%2Fmg%2Fminas-gerais%2Fterra-de-minas%2Fvideo%2Facoes-de-sustentabilidade-podem-ajudar-a-proteger-a-serra-do-curral-10578579.ghtml&syn=False&key=92f728a639a9ff48706ca43c76e79d1c"""
"""
        Sustentabilidade no agronegócio é tema de fórum realizado em Cacoal
      ""","""//g1.globo.com/busca/click?q=sustentabilidade&p=376&r=1684280184756&u=https%3A%2F%2Fgloboplay.globo.com%2Fv%2F10474097%2F&syn=False&key=517fcc52c1ad07b8d6801a0294fa8a2a"""
"""
        Inovação, sustentabilidade, potencial produtivo e tecnologia são os caminhos para a lavoura do futuro
      ""","""//g1.globo.com/busca/click?q=sustentabilidade&p=382&r=1684280184809&u=https%3A%2F%2Fg1.globo.com%2Fespecial-publicitario%2Fchevrolet%2Fna-estrada-com-quem-faz%2Fnoticia%2F2020%2F02%2F07%2Finovacao-sustentabilidade-potencial-produtivo-e-tecnologia-sao-os-caminhos-para-a-lavoura-do-futuro.ghtml&syn=False&key=95821c743b2f47f0432a39ab6320b552"""
"""
        Seminário do Condemat discute sustentabilidade, os desastres urbanos e risco climático
      ""","""//g1.globo.com/busca/click?q=sustentabilidade&p=386&r=1684280184826&u=https%3A%2F%2Fgloboplay.globo.com%2Fv%2F10630658%2F&syn=False&key=b8c18ae8adf81bddf7ef7850f8454fef"""
"""
        Campanha Junho Verde terá tour de negócios e sustentabilidade, além de combate a poluição
      ""","""//g1.globo.com/busca/click?q=sustentabilidade&p=393&r=1684280185637&u=https%3A%2F%2Fgloboplay.globo.com%2Fv%2F10631760%2F&syn=False&key=84de5d0115fa10ced6bd979aa7f7a50f"""
"""
        #ConverseComOutrasIdeias recebe Felipe Ribenboim e Preto Zezé para falar sobre alimentação e sustentabilidade
      ""","""//g1.globo.com/busca/click?q=sustentabilidade&p=397&r=1684280185644&u=https%3A%2F%2Fg1.globo.com%2Fglobonews%2Fconverse-com-outras-ideias%2Fvideo%2Fconversecomoutrasideias-recebe-felipe-ribenboim-e-preto-zeze-para-falar-sobre-alimentacao-e-sustentabilidade-10595943.ghtml&syn=False&key=d0e79cfba86e164001c62b35e4e4f18e"""
"""
        No dia mundial da energia, o Liberal Comunidade buscou boas ideias de sustentabilidade
      ""","""//g1.globo.com/busca/click?q=sustentabilidade&p=398&r=1684280185646&u=https%3A%2F%2Fgloboplay.globo.com%2Fv%2F10617503%2F&syn=False&key=6a662c757d8dcf076ae32c42a70b055a"""
"""
        Festival Sátira leva Samuel Rosa e Vitor Kley à Lagoa dos Ingleses neste sábado, na Grande BH
      ""","""//g1.globo.com/busca/click?q=sustentabilidade&p=402&r=1684280185669&u=https%3A%2F%2Fg1.globo.com%2Fmg%2Fminas-gerais%2Fnoticia%2F2023%2F05%2F13%2Ffestival-satira-leva-samuel-rosa-e-vitor-kley-a-lagoa-dos-ingleses-neste-sabado-na-grande-bh.ghtml&syn=False&key=4016ce4cbe4486c307177b8e9d7b243a"""
"""
        A sustentabilidade é uma das grandes atrações do Pavilhão Brasil na Expo Dubai
      ""","""//g1.globo.com/busca/click?q=sustentabilidade&p=404&r=1684280185673&u=https%3A%2F%2Fgloboplay.globo.com%2Fv%2F10444103%2F&syn=False&key=bf9b190d8037e2cab3fb17eb628265cb"""
"""
        Abertas inscrições para 2° concurso de qualidade e sustentabilidade do cacau de Rondônia; confira prêmios
      ""","""//g1.globo.com/busca/click?q=sustentabilidade&p=420&r=1684280186224&u=https%3A%2F%2Fg1.globo.com%2Fro%2Frondonia%2Frondonia-rural%2Fnoticia%2F2022%2F05%2F07%2Fabertas-inscricoes-para-2-concurso-de-qualidade-e-sustentabilidade-do-cacau-de-rondonia-confira-premios.ghtml&syn=False&key=b511d91c479cc3b1d255b5a937971d8f"""
"""
        Pará recebe projeto itinerante sobre cultura e sustentabilidade
      ""","""//g1.globo.com/busca/click?q=sustentabilidade&p=421&r=1684280186700&u=https%3A%2F%2Fg1.globo.com%2Fpa%2Fpara%2Fnoticia%2F2021%2F11%2F30%2Fpara-recebe-projeto-itinerante-sobre-cultura-e-sustentabilidade.ghtml&syn=False&key=9bcd54db26046116241915daa5b24c4a"""
"""
        Facape realiza seminário sobre Sustentabilidade na Contabilidade
      ""","""//g1.globo.com/busca/click?q=sustentabilidade&p=428&r=1684280186725&u=https%3A%2F%2Fgloboplay.globo.com%2Fv%2F10028944%2F&syn=False&key=8d19439c3a269e14939f29902a82e98c"""
"""
        Economia de combustível e sustentabilidade: conheça o OKOflex
      ""","""//g1.globo.com/busca/click?q=sustentabilidade&p=433&r=1684280186744&u=https%3A%2F%2Fgloboplay.globo.com%2Fv%2F10086466%2F&syn=False&key=a7d618876374631e2ecc522f02d7dbca"""
"""
        Iniciativa educacional de Itaipu oferece curso gratuito de sustentabilidade; veja como participar
      ""","""//g1.globo.com/busca/click?q=sustentabilidade&p=439&r=1684280187277&u=https%3A%2F%2Fg1.globo.com%2Fpr%2Foeste-sudoeste%2Fnoticia%2F2022%2F01%2F26%2Finiciativa-educacional-de-itaipu-oferece-curso-gratuito-de-sustentabilidade-gratuito-veja-como-participar.ghtml&syn=False&key=5889d0daf78b8776de2adab8a8e3becc"""
"""
        Empresas de Ponta Grossa investem em sustentabilidade
      ""","""//g1.globo.com/busca/click?q=sustentabilidade&p=443&r=1684280187293&u=https%3A%2F%2Fgloboplay.globo.com%2Fv%2F9916147%2F&syn=False&key=62567d795cb71a07e97da9ca34cc840e"""
"""
        Santos espera reduzir gastos com água e energia em até R$ 2 milhões com auxílio da tecnologia
      ""","""//g1.globo.com/busca/click?q=sustentabilidade&p=445&r=1684280187300&u=https%3A%2F%2Fg1.globo.com%2Fsp%2Fsantos-regiao%2Fnoticia%2F2023%2F03%2F28%2Fsantos-espera-reduzir-gastos-com-agua-e-energia-em-ate-r-2-milhoes-com-auxilio-da-tecnologia.ghtml&syn=False&key=c0c3bdf0e4f6373b09f778c9612c9c96"""
"""
        Série Meu Ambiente: produtores de cogumelo e morango dão exemplos de sustentabilidade
      ""","""//g1.globo.com/busca/click?q=sustentabilidade&p=446&r=1684280187304&u=https%3A%2F%2Fgloboplay.globo.com%2Fv%2F10437880%2F&syn=False&key=52f49d4116369a7bedc6f12b2a5d94ec"""
"""
        SC+ Sustentável: Investimentos em programas de sustentabilidade beneficiam a comunidade
      ""","""//g1.globo.com/busca/click?q=sustentabilidade&p=450&r=1684280187354&u=https%3A%2F%2Fg1.globo.com%2Fsc%2Fsanta-catarina%2Fsc-mais%2Fnoticia%2F2021%2F09%2F30%2Fsc-sustentavel-investimentos-em-programas-de-sustentabilidade-beneficiam-a-comunidade.ghtml&syn=False&key=85b79f31ddee5ad283709012dc9f7c6c"""
"""
        Companhia de dança apresenta espetáculo gratuito sobre sustentabilidade em Campinas
      ""","""//g1.globo.com/busca/click?q=sustentabilidade&p=455&r=1684280187762&u=https%3A%2F%2Fg1.globo.com%2Fsp%2Fcampinas-regiao%2Fnoticia%2F2021%2F10%2F20%2Fcompanhia-de-danca-apresenta-espetaculo-gratuito-sobre-sustentabilidade-em-campinas.ghtml&syn=False&key=0ddf0e65d1f87a6089d74c0b7c98fb8d"""
"""
        Santos Brasil passa a integrar carteira do ISE da B3
      ""","""//g1.globo.com/busca/click?q=sustentabilidade&p=458&r=1684280187768&u=https%3A%2F%2Fg1.globo.com%2Fsp%2Fsantos-regiao%2Fespecial-publicitario%2Fsantos-brasil%2Fnoticia%2F2023%2F01%2F04%2Fsantos-brasil-passa-a-integrar-carteira-do-ise-da-b3.ghtml&syn=False&key=e89e45fe3f84679d6e6987a5beabb5f3"""
"""
        Visconde do Rio Branco é destaque ao investir em novo processo de coleta de lixo
      ""","""//g1.globo.com/busca/click?q=sustentabilidade&p=465&r=1684280187810&u=https%3A%2F%2Fg1.globo.com%2Fmg%2Fzona-da-mata%2Fespecial-publicitario%2Fprefeitura-de-visconde-do-rio-branco%2Fnoticia%2F2023%2F02%2F15%2Fvisconde-do-rio-branco-e-destaque-ao-investir-em-novo-processo-de-coleta-de-lixo.ghtml&syn=False&key=fb9dc2cd0ef270db8c7b763a4ee4cdce"""
"""
        Estudante de Araguaína é selecionada para treinamento mundial sobre sustentabilidade
      ""","""//g1.globo.com/busca/click?q=sustentabilidade&p=467&r=1684280188444&u=https%3A%2F%2Fg1.globo.com%2Fto%2Ftocantins%2Fnoticia%2F2021%2F09%2F04%2Festudante-de-araguaina-e-selecionada-para-treinamento-mundial-sobre-sustentabilidade.ghtml&syn=False&key=43babc3df26f2549b36ea4bfcd114d94"""
"""
        Projeto debate sustentabilidade e moda na Amazônia
      ""","""//g1.globo.com/busca/click?q=sustentabilidade&p=468&r=1684280188449&u=https%3A%2F%2Fg1.globo.com%2Fpa%2Fpara%2Fnoticia%2F2021%2F05%2F30%2Fprojeto-debate-sustentabilidade-e-moda-na-amazonia.ghtml&syn=False&key=15b15b8815af1327a31b9d2703773013"""
"""
        Deputado federal Túlio Gadelha deixa o PDT e anuncia filiação à Rede Sustentabilidade
      ""","""//g1.globo.com/busca/click?q=sustentabilidade&p=469&r=1684280188453&u=https%3A%2F%2Fg1.globo.com%2Fpe%2Fpernambuco%2Fnoticia%2F2021%2F12%2F19%2Fdeputado-federal-tulio-gadelha-deixa-o-pdt-e-anuncia-filiacao-a-rede-sustentabilidade.ghtml&syn=False&key=be85ac0ccc4832110989d6769a134d80"""
"""
        Uberlândia ganha três novas secretarias
      ""","""//g1.globo.com/busca/click?q=sustentabilidade&p=476&r=1684280188478&u=https%3A%2F%2Fg1.globo.com%2Fmg%2Ftriangulo-mineiro%2Fnoticia%2F2023%2F02%2F23%2Fuberlandia-ganha-tres-novas-secretarias.ghtml&syn=False&key=160ddecb76d5a544b8f05bcb36584ad0"""
"""
        Começou hoje o festival Lollapalooza Brasil
      ""","""//g1.globo.com/busca/click?q=sustentabilidade&p=477&r=1684280188481&u=https%3A%2F%2Fgloboplay.globo.com%2Fv%2F11478519%2F&syn=False&key=52afb81b123297edea0360fcb7e27ff0"""
"""
        Congresso Internacional Ambiente e Sustentabilidade será realizado em setembro
      ""","""//g1.globo.com/busca/click?q=sustentabilidade&p=480&r=1684280188493&u=https%3A%2F%2Fg1.globo.com%2Fce%2Fceara%2Fespecial-publicitario%2Funifor%2Fensinando-e-aprendendo%2Fnoticia%2F2021%2F08%2F12%2Fcongresso-internacional-ambiente-e-sustentabilidade-sera-realizado-em-setembro.ghtml&syn=False&key=016843e6c81f3752892bd26bd4342fda"""
"""
        Empresa substitui concreto pela madeira em defesa da sustentabilidade e economia em SC
      ""","""//g1.globo.com/busca/click?q=sustentabilidade&p=481&r=1684280188942&u=https%3A%2F%2Fg1.globo.com%2Fsc%2Fsanta-catarina%2Ftechsc%2Fnoticia%2F2021%2F11%2F23%2Fempresa-substitui-concreto-pela-madeira-em-defesa-da-sustentabilidade-e-economia-em-sc.ghtml&syn=False&key=a68410cee53f64160e50a8d916ec5f91"""
"""
        Uso de imagens de Yanomami pela Cartier leva os defensores indígenas a alegar 'hipocrisia'
      ""","""//g1.globo.com/busca/click?q=sustentabilidade&p=482&r=1684280188944&u=https%3A%2F%2Fg1.globo.com%2Feconomia%2Fnoticia%2F2023%2F05%2F15%2Fuso-de-imagens-de-yanomami-pela-cartier-leva-os-defensores-indigenas-a-alegar-hipocrisia.ghtml&syn=False&key=b24b4b2fff05f50221c8ca75bcf427c2"""
"""
        Série em vídeos divulga ações e projetos de sustentabilidade no agronegócio
      ""","""//g1.globo.com/busca/click?q=sustentabilidade&p=484&r=1684280188948&u=https%3A%2F%2Fg1.globo.com%2Fsp%2Fbauru-marilia%2Fespecial-publicitario%2Fjacto%2Fnoticia%2F2021%2F12%2F16%2Fserie-em-videos-divulga-acoes-e-projetos-de-sustentabilidade-no-agronegocio.ghtml&syn=False&key=4a2baead1dda1303f9cb0892eed59dc3"""
"""
        Construção Civil aposta em sustentabilidade e novas tecnologias
      ""","""//g1.globo.com/busca/click?q=sustentabilidade&p=486&r=1684280188952&u=https%3A%2F%2Fgloboplay.globo.com%2Fv%2F10016743%2F&syn=False&key=3798b5613473c45f4034d75af27b082a"""
"""
        Sebrae e União Europeia lançam projeto de apoio à sustentabilidade no Pará
      ""","""//g1.globo.com/busca/click?q=sustentabilidade&p=490&r=1684280188959&u=https%3A%2F%2Fg1.globo.com%2Fpa%2Fpara%2Fespecial-publicitario%2Fsebrae-para%2Fcompre-do-pequeno-amazonia-market%2Fnoticia%2F2021%2F11%2F16%2Fsebrae-e-uniao-europeia-lancam-projeto-de-apoio-a-sustentabilidade-no-para.ghtml&syn=False&key=59a410d33de13fdedbc9485acfa4713a"""
"""
        Vereadores adiam votação de projeto que visa alterar Plano Diretor de São José dos Campos
      ""","""//g1.globo.com/busca/click?q=sustentabilidade&p=492&r=1684280189007&u=https%3A%2F%2Fg1.globo.com%2Fsp%2Fvale-do-paraiba-regiao%2Fnoticia%2F2023%2F05%2F12%2Fvereadores-adiam-votacao-de-projeto-que-visa-alterar-plano-diretor-de-sao-jose-dos-campos.ghtml&syn=False&key=c3c8a60c804c39fa0a3f9a26d6c739c1"""
"""
        Marília tem uma nova realidade pautada na sustentabilidade
      ""","""//g1.globo.com/busca/click?q=sustentabilidade&p=495&r=1684280189015&u=https%3A%2F%2Fg1.globo.com%2Fsp%2Fsorocaba-jundiai%2Fvideo%2Fmarilia-tem-uma-nova-realidade-pautada-na-sustentabilidade-9947371.ghtml&syn=False&key=e2c1843d814cc7ff6a2bc70b8a70eee7"""
"""
        Deputada de MT fala sobre empoderamento e sustentabilidade durante fórum mundial na Rússia
      ""","""//g1.globo.com/busca/click?q=sustentabilidade&p=502&r=1684280189529&u=https%3A%2F%2Fg1.globo.com%2Fmt%2Fmato-grosso%2Fnoticia%2F2021%2F11%2F06%2Fdeputada-de-mt-fala-sobre-empoderamento-e-sustentabilidade-durante-forum-mundial-na-russia.ghtml&syn=False&key=1b7aa1390e8b00023c0857a16139cea3"""
"""
        Ações de solidariedade e sustentabilidade ocorrem neste domingo em Porto Alegre
      ""","""//g1.globo.com/busca/click?q=sustentabilidade&p=503&r=1684280189533&u=https%3A%2F%2Fgloboplay.globo.com%2Fv%2F10055614%2F&syn=False&key=3c14dbf34fc6e42f2acd82322d768e1c"""
"""
        Usina solar vai auxiliar pesquisas e reprodução de peixes e camarão-da-amazônia, no Amapá
      ""","""//g1.globo.com/busca/click?q=sustentabilidade&p=505&r=1684280189549&u=https%3A%2F%2Fg1.globo.com%2Fap%2Famapa%2Fnatureza%2Famazonia%2Fnoticia%2F2023%2F01%2F15%2Fusina-solar-vai-auxiliar-pesquisas-e-reproducao-de-peixes-e-camarao-da-amazonia-no-amapa.ghtml&syn=False&key=7e2ededccc2437922582ac45201acb68"""
"""
        Tecnologia no campo: união da sustentabilidade e inovação
      ""","""//g1.globo.com/busca/click?q=sustentabilidade&p=507&r=1684280189557&u=https%3A%2F%2Fg1.globo.com%2Fespecial-publicitario%2Fdell-tecnologia-no-campo%2Fnoticia%2F2021%2F07%2F14%2Ftecnologia-no-campo-uniao-da-sustentabilidade-e-inovacao.ghtml&syn=False&key=59580975794240ada1abb59fbd8cd8f2"""
"""
        Especialista avalia possibilidades para uma cidade com mais sustentabilidade
      ""","""//g1.globo.com/busca/click?q=sustentabilidade&p=510&r=1684280189568&u=https%3A%2F%2Fgloboplay.globo.com%2Fv%2F9881595%2F&syn=False&key=7a246db97c099636eb0014d6b7635ca4"""
"""
        Mineradora alia extração de recursos e sustentabilidade na floresta amazônica, no Pará
      ""","""//g1.globo.com/busca/click?q=sustentabilidade&p=514&r=1684280190225&u=https%3A%2F%2Fgloboplay.globo.com%2Fv%2F10158008%2F&syn=False&key=4051d1a4c123980a59f630653b224aa5"""
"""
        Projeto em escola de Biguaçu une ciência e sustentabilidade
      ""","""//g1.globo.com/busca/click?q=sustentabilidade&p=515&r=1684280190306&u=https%3A%2F%2Fgloboplay.globo.com%2Fv%2F9868410%2F&syn=False&key=91528d0dbe6ad8a994bf6b12716f99ac"""
"""
        Live de projeto da Univasf promove debate sobre Educação Ambiental, Sustentabilidade e Energias Renováveis
      ""","""//g1.globo.com/busca/click?q=sustentabilidade&p=516&r=1684280190308&u=https%3A%2F%2Fg1.globo.com%2Fpe%2Fpetrolina-regiao%2Fnoticia%2F2021%2F09%2F28%2Flive-de-projeto-da-univasf-promove-debate-sobre-educacao-ambiental-sustentabilidade-e-energias-renovaveis.ghtml&syn=False&key=3952ea63e2421e72b7d2966f98628f31"""
"""
        Série de reportagem mostra a importância da sustentabilidade no agronegócio
      ""","""//g1.globo.com/busca/click?q=sustentabilidade&p=519&r=1684280190315&u=https%3A%2F%2Fgloboplay.globo.com%2Fv%2F9806076%2F&syn=False&key=bf2fc3317081f9ca021206a5a6154dbc"""
"""
        Série de reportagem mostra a importância da sustentabilidade no agronegócio
      ""","""//g1.globo.com/busca/click?q=sustentabilidade&p=520&r=1684280190316&u=https%3A%2F%2Fgloboplay.globo.com%2Fv%2F9806030%2F&syn=False&key=b65074afe07cc6ca429d0576636247d3"""
"""
        Haco lança updates de suas coleções voltadas à sustentabilidade e ao jeanswear
      ""","""//g1.globo.com/busca/click?q=sustentabilidade&p=521&r=1684280190318&u=https%3A%2F%2Fg1.globo.com%2Fsc%2Fsanta-catarina%2Fespecial-publicitario%2Fhaco%2Fnoticia%2F2021%2F08%2F10%2Fhaco-lanca-updates-de-suas-colecoes-voltadas-a-sustentabilidade-e-ao-jeanswear.ghtml&syn=False&key=2669a894dbc425663efbb35756333d21"""
"""
        Exposição online associa engenharia, design e administração na busca por mais sustentabilidade
      ""","""//g1.globo.com/busca/click?q=sustentabilidade&p=523&r=1684280190405&u=https%3A%2F%2Fg1.globo.com%2Fjornal-nacional%2Fnoticia%2F2021%2F10%2F22%2Fexposicao-online-associa-engenharia-design-e-administracao-na-busca-por-mais-sustentabilidade.ghtml&syn=False&key=9ba06a5116a701b76556704cf0cb7b8e"""
"""
        Projeto da Ufra destaca a importância do plantio e da compostagem para sustentabilidade
      ""","""//g1.globo.com/busca/click?q=sustentabilidade&p=527&r=1684280191070&u=https%3A%2F%2Fgloboplay.globo.com%2Fv%2F10098911%2F&syn=False&key=04a6a455b7876bad9314f71af7062777"""
"""
        Senac promove ciclo de conversas sobre sustentabilidade, saúde mental e tecnologia; veja programação
      ""","""//g1.globo.com/busca/click?q=sustentabilidade&p=528&r=1684280191075&u=https%3A%2F%2Fg1.globo.com%2Fsp%2Fcampinas-regiao%2Fnoticia%2F2021%2F10%2F05%2Fsenac-promove-ciclo-de-conversas-sobre-sustentabilidade-saude-mental-e-tecnologia-veja-programacao.ghtml&syn=False&key=7827a07b1d1331a5739956ba5778367e"""
"""
        Nova Friburgo terá Escola de Sustentabilidade
      ""","""//g1.globo.com/busca/click?q=sustentabilidade&p=530&r=1684280191085&u=https%3A%2F%2Fg1.globo.com%2Frj%2Fregiao-serrana%2Fespecial-publicitario%2Febma%2Frenova-friburgo%2Fnoticia%2F2020%2F11%2F30%2Fnova-friburgo-tera-escola-de-sustentabilidade.ghtml&syn=False&key=256d489051b773dfb243c3f61cc48a02"""
"""
        Indústria 4.0: Como empresas de SC usaram inovação e sustentabilidade no enfrentamento da pandemia
      ""","""//g1.globo.com/busca/click?q=sustentabilidade&p=532&r=1684280191094&u=https%3A%2F%2Fg1.globo.com%2Fsc%2Fsanta-catarina%2Ftechsc%2Fnoticia%2F2021%2F10%2F02%2Findustria-40-como-empresas-de-sc-usaram-inovacao-e-sustentabilidade-no-enfrentamento-da-pandemia.ghtml&syn=False&key=6c9e9f31f24439324307b6681a12bc3d"""
"""
        Encontro virtual discute sustentabilidade e produção de alimentos orgânicos
      ""","""//g1.globo.com/busca/click?q=sustentabilidade&p=533&r=1684280191098&u=https%3A%2F%2Fg1.globo.com%2Fpe%2Fpernambuco%2Fbom-dia-pe%2Fvideo%2Fencontro-virtual-discute-sustentabilidade-e-producao-de-alimentos-organicos-9785394.ghtml&syn=False&key=cbd2b78ad64e76fdbc0937c60d491ccd"""
"""
        Secretário de Meio Ambiente e Sustentabilidade de PE destaca investimentos para erradicar lixões no estado
      ""","""//g1.globo.com/busca/click?q=sustentabilidade&p=536&r=1684280191147&u=https%3A%2F%2Fg1.globo.com%2Fpe%2Fcaruaru-regiao%2Fnoticia%2F2021%2F12%2F14%2Fsecretario-de-meio-ambiente-e-sustentabilidade-de-pe-destaca-investimentos-para-erradicar-lixoes-no-estado.ghtml&syn=False&key=d5ea0a99d76517652eaf571e7e632f11"""
"""
        Empresa substitui concreto pela madeira em defesa da sustentabilidade e economia
      ""","""//g1.globo.com/busca/click?q=sustentabilidade&p=540&r=1684280191164&u=https%3A%2F%2Fgloboplay.globo.com%2Fv%2F10058908%2F&syn=False&key=b312da2d777e9cc71d60338c8884fc53"""
"""
        Alunos do curso de Moda da Unifor são selecionados em edital do Trama Afetiva
      ""","""//g1.globo.com/busca/click?q=sustentabilidade&p=541&r=1684280191624&u=https%3A%2F%2Fg1.globo.com%2Fce%2Fceara%2Fespecial-publicitario%2Funifor%2Fguia-de-profissoes%2Fnoticia%2F2023%2F01%2F03%2Falunos-do-curso-de-moda-da-unifor-sao-selecionados-em-edital-do-trama-afetiva.ghtml&syn=False&key=3c11419886644d0b59bcc62af7a15983"""
"""
        Sustentabilidade e moda caminham juntos no Pará
      ""","""//g1.globo.com/busca/click?q=sustentabilidade&p=542&r=1684280191629&u=https%3A%2F%2Fgloboplay.globo.com%2Fv%2F9618054%2F&syn=False&key=e23553a6aa79398f629ce0892742a1d3"""
"""
        Sustentabilidade e responsabilidade social: projetos dão o exemplo em Catanduva
      ""","""//g1.globo.com/busca/click?q=sustentabilidade&p=544&r=1684280191638&u=https%3A%2F%2Fg1.globo.com%2Fsp%2Fsao-jose-do-rio-preto-aracatuba%2Fespecial-publicitario%2Funimed-catanduva%2Fnoticia%2F2021%2F03%2F29%2Fsustentabilidade-e-responsabilidade-social-projetos-dao-o-exemplo-em-catanduva.ghtml&syn=False&key=d19c01c5be40d8e8823ebed0a83b3b2e"""
"""
        SUSTENTABILIDADE EM DESENVOLVIMENTO
      ""","""//g1.globo.com/busca/click?q=sustentabilidade&p=546&r=1684280191649&u=https%3A%2F%2Fg1.globo.com%2Fsp%2Fpresidente-prudente-regiao%2Fespecial-publicitario%2Funimed-centro-oeste-paulista%2Fnoticia%2F2019%2F10%2F22%2Fsustentabilidade-em-desenvolvimento.ghtml&syn=False&key=0dff133a550f05b28fc2696d4d68bcda"""
"""
        Engenheiros da Baixada Santista levam o Prêmio Jovem Brasileiro na categoria Meio Ambiente e Sustentabilidade
      ""","""//g1.globo.com/busca/click?q=sustentabilidade&p=548&r=1684280191658&u=https%3A%2F%2Fg1.globo.com%2Fsp%2Fsantos-regiao%2Fnoticia%2F2021%2F10%2F29%2Fengenheiros-da-baixada-santista-levam-o-premio-jovem-brasileiro-na-categoria-meio-ambiente-e-sustentabilidade.ghtml&syn=False&key=d3d70501a842bbfa23e994bb898b5a59"""
"""
        IF Sudeste com campi em cidades da Zona da Mata e Vertentes fica em 4º lugar em ranking de sustentabilidade internacional
      ""","""//g1.globo.com/busca/click?q=sustentabilidade&p=550&r=1684280191666&u=https%3A%2F%2Fg1.globo.com%2Fmg%2Fzona-da-mata%2Fnoticia%2F2021%2F12%2F20%2Fif-sudeste-com-campi-em-cidades-da-zona-da-mata-e-vertentes-fica-em-4o-lugar-em-ranking-de-sustentabilidade-internacional.ghtml&syn=False&key=a07f2656e18eafdab06cef7ece8e2bf9"""
"""
        UI GreenMetric 2021: UFTM fica na 11ª posição de ranking que avalia sustentabilidade entre universidades brasileiras; entenda
      ""","""//g1.globo.com/busca/click?q=sustentabilidade&p=554&r=1684280191681&u=https%3A%2F%2Fg1.globo.com%2Fmg%2Ftriangulo-mineiro%2Fnoticia%2F2021%2F12%2F16%2Fuftm-e-classificada-na-11a-posicao-de-ranking-que-avalia-sustentabilidade-entre-universidades-brasileiras-entenda-a-ui-greenmetric-2021.ghtml&syn=False&key=712a9e513f7a521f231f42a72ff775e4"""
"""
        Sebrae lança programa de sustentabilidade para pequenos negócios
      ""","""//g1.globo.com/busca/click?q=sustentabilidade&p=558&r=1684280192161&u=https%3A%2F%2Fgloboplay.globo.com%2Fv%2F9664576%2F&syn=False&key=4e7357aa8dff380b9bce656729a5d5f7"""
"""
        Procurador lança livro sobre Princípio Constitucional da Sustentabilidade
      ""","""//g1.globo.com/busca/click?q=sustentabilidade&p=559&r=1684280192165&u=https%3A%2F%2Fgloboplay.globo.com%2Fv%2F9615300%2F&syn=False&key=fb9771fcfae4b373fdcdab7f8a772d78"""
"""
        Ciesp promove palestras online e gratuitas sobre meio ambiente e sustentabilidade
      ""","""//g1.globo.com/busca/click?q=sustentabilidade&p=561&r=1684280192173&u=https%3A%2F%2Fgloboplay.globo.com%2Fv%2F9988099%2F&syn=False&key=ecd8f496a8f903f9eda90948258818ad"""
"""
        Sustentabilidade em desenvolvimento
      ""","""//g1.globo.com/busca/click?q=sustentabilidade&p=565&r=1684280192191&u=https%3A%2F%2Fg1.globo.com%2Fsp%2Fbauru-marilia%2Fespecial-publicitario%2Funimed-centro-oeste-paulista%2Fnoticia%2F2019%2F10%2F22%2Fsustentabilidade-em-desenvolvimento.ghtml&syn=False&key=3f1df74279181dbacde9b990c1c9c3e0"""
"""
        'Lixo Zero Goiás' busca incentivar mudança de hábitos e a sustentabilidade
      ""","""//g1.globo.com/busca/click?q=sustentabilidade&p=566&r=1684280192196&u=https%3A%2F%2Fgloboplay.globo.com%2Fv%2F9968252%2F&syn=False&key=553e6dbc09afd763f4fad7b823763fbe"""
"""
        VI Semana de Zootecnia do IFSertãoPE discute Sustentabilidade e Produção Animal em meio à Pandemia
      ""","""//g1.globo.com/busca/click?q=sustentabilidade&p=567&r=1684280192245&u=https%3A%2F%2Fg1.globo.com%2Fpe%2Fpetrolina-regiao%2Fnoticia%2F2021%2F07%2F05%2Fvi-semana-de-zootecnia-do-ifsertaope-discute-sustentabilidade-e-producao-animal-em-meio-a-pandemia.ghtml&syn=False&key=18c46dd238d5f8f0fbb1d496feac34a5"""
"""
        The Quero Bem: evento oferece serviços gratuitos de saúde e bem-estar no Centro de Teresina
      ""","""//g1.globo.com/busca/click?q=sustentabilidade&p=570&r=1684280192259&u=https%3A%2F%2Fg1.globo.com%2Fpi%2Fpiaui%2Fnoticia%2F2023%2F05%2F11%2Fthe-quero-bem-evento-oferece-servicos-gratuitos-de-saude-e-bem-estar-no-centro-de-teresina.ghtml&syn=False&key=c3c73d90102a720f1b2e26cb8f89f2ef"""
"""
        Cidades da região de Jundiaí dão exemplos de sustentabilidade
      ""","""//g1.globo.com/busca/click?q=sustentabilidade&p=572&r=1684280192824&u=https%3A%2F%2Fgloboplay.globo.com%2Fv%2F9587689%2F&syn=False&key=cdc81c1b2f49c3ceeb77f00e6206a82d"""
"""
        Olimpíadas de Tóquio querem ficar marcadas como os jogos da sustentabilidade
      ""","""//g1.globo.com/busca/click?q=sustentabilidade&p=573&r=1684280192828&u=https%3A%2F%2Fgloboplay.globo.com%2Fv%2F9695026%2F&syn=False&key=7c7aeef125e6347ffcd306c2c7fca94e"""
"""
        Projeto da Unesp Rio Claro vence competição mundial de inovação e sustentabilidade da ONU
      ""","""//g1.globo.com/busca/click?q=sustentabilidade&p=576&r=1684280192838&u=https%3A%2F%2Fg1.globo.com%2Fsp%2Fsao-carlos-regiao%2Fnoticia%2F2021%2F06%2F11%2Fprojeto-da-unesp-rio-claro-vence-competicao-mundial-de-inovacao-e-sustentabilidade-da-onu.ghtml&syn=False&key=3111781f822912b42dbc5c90ffcf4c6a"""
"""
        Sustentabilidade e uso inteligente do carro são soluções para mobilidade urbana em Piracicaba, diz especialista
      ""","""//g1.globo.com/busca/click?q=sustentabilidade&p=579&r=1684280192849&u=https%3A%2F%2Fg1.globo.com%2Fsp%2Fpiracicaba-regiao%2Fnoticia%2F2021%2F09%2F22%2Fsustentabilidade-e-uso-inteligente-do-carro-sao-solucoes-para-mobilidade-urbana-em-piracicaba-diz-especialista.ghtml&syn=False&key=7899f55dbff4e94dafecf23e2af434d2"""
"""
        Petrobras tem lucro líquido de R$ 38,2 bilhões no 1º trimestre
      ""","""//g1.globo.com/busca/click?q=sustentabilidade&p=582&r=1684280192860&u=https%3A%2F%2Fg1.globo.com%2Feconomia%2Fnoticia%2F2023%2F05%2F11%2Fpetrobras-tem-lucro-liquido-de-r-382-bilhoes-no-1o-trimestre.ghtml&syn=False&key=243f98e01950bf955a8beff177a24289"""
"""
        CBN Caruaru: secretário de Serviços Públicos e Sustentabilidade da cidade diz que 'Comércio na Praça' está correspondendo bem
      ""","""//g1.globo.com/busca/click?q=sustentabilidade&p=583&r=1684280192865&u=https%3A%2F%2Fg1.globo.com%2Fpe%2Fcaruaru-regiao%2Fnoticia%2F2021%2F09%2F29%2Fcbn-caruaru-secretario-de-servicos-publicos-e-sustentabilidade-da-cidade-diz-que-comercio-na-praca-esta-correspondendo-bem.ghtml&syn=False&key=7f8edf52e08e5a7ce5c2eebeae2ebd31"""
"""
        Mogi 461 anos: Agricultura olha para o futuro pensando em sustentabilidade
      ""","""//g1.globo.com/busca/click?q=sustentabilidade&p=585&r=1684280192873&u=https%3A%2F%2Fgloboplay.globo.com%2Fv%2F9825091%2F&syn=False&key=509ddacd143cbbfc9c8a65dccc94fb77"""
"""
        Empreendedores do Alto Tietê se preocupam com sustentabilidade e redução do uso de plásticos
      ""","""//g1.globo.com/busca/click?q=sustentabilidade&p=586&r=1684280193403&u=https%3A%2F%2Fg1.globo.com%2Fsp%2Fmogi-das-cruzes-suzano%2Fnoticia%2F2021%2F05%2F18%2Fempreendedores-do-alto-tiete-se-preocupam-com-sustentabilidade-e-reducao-do-uso-de-plasticos.ghtml&syn=False&key=ae6f717abcbc25651f3923a0fd5c3824"""
"""
        'Lojão' da Casa Vó Benedita acontece até domingo (11) em Santos
      ""","""//g1.globo.com/busca/click?q=sustentabilidade&p=589&r=1684280193416&u=https%3A%2F%2Fgloboplay.globo.com%2Fv%2F11194935%2F&syn=False&key=ce6d97a53d35fdb7310c23b9b742bc64"""
"""
        Cobertura vegetal e usina solar são ações da Unifor em prol da sustentabilidade
      ""","""//g1.globo.com/busca/click?q=sustentabilidade&p=590&r=1684280193420&u=https%3A%2F%2Fg1.globo.com%2Fce%2Fceara%2Fespecial-publicitario%2Funifor%2Fensinando-e-aprendendo%2Fnoticia%2F2021%2F05%2F27%2Fcobertura-vegetal-e-usina-solar-sao-acoes-da-unifor-em-prol-da-sustentabilidade.ghtml&syn=False&key=8b56ed6eee2117430ca2761a16d77a1e"""
"""
        Projeto que faz pranchas com garrafas pet chega na Baixada Santista
      ""","""//g1.globo.com/busca/click?q=sustentabilidade&p=592&r=1684280193429&u=https%3A%2F%2Fgloboplay.globo.com%2Fv%2F11338664%2F&syn=False&key=cfb07beed4d54c11b025cf7d8d32a41c"""
"""
        Unesp de Rio Claro disputa final do desafio mundial de inovação e sustentabilidade da ONU
      ""","""//g1.globo.com/busca/click?q=sustentabilidade&p=594&r=1684280193438&u=https%3A%2F%2Fg1.globo.com%2Fsp%2Fsao-carlos-regiao%2Fnoticia%2F2021%2F06%2F04%2Funesp-de-rio-claro-disputa-final-do-desafio-mundial-de-inovacao-e-sustentabilidade-da-onu.ghtml&syn=False&key=6b287b729b173b5a0d9ca669ca90c4d2"""
"""
        VÍDEOS: Na Amazônia, artesãos unem empreendedorismo com sustentabilidade; Veja destaques do BDA
      ""","""//g1.globo.com/busca/click?q=sustentabilidade&p=595&r=1684280193443&u=https%3A%2F%2Fg1.globo.com%2Fam%2Famazonas%2Fedicao%2F2021%2F06%2F03%2Fvideos-na-amazonia-artesaos-unem-empreendedorismo-com-sustentabilidade-veja-destaques-do-bda.ghtml&syn=False&key=18d7af52602d25dced5ed94948675d6f"""
"""
        Bate-papo sobre vida no campo, sustentabilidade e permacultura é realizado em Sorocaba
      ""","""//g1.globo.com/busca/click?q=sustentabilidade&p=597&r=1684280193452&u=https%3A%2F%2Fg1.globo.com%2Fsp%2Fsorocaba-jundiai%2Fnoticia%2F2021%2F06%2F02%2Fbate-papo-sobre-vida-no-campo-sustentabilidade-e-permacultura-e-realizado-em-sorocaba.ghtml&syn=False&key=06e5685bf5f1453e59acd8fd5925064f"""
"""
        Fintech catarinense prioriza sustentabilidade ao avaliar crédito de pequenos e médios empresários
      ""","""//g1.globo.com/busca/click?q=sustentabilidade&p=598&r=1684280193457&u=https%3A%2F%2Fg1.globo.com%2Fsc%2Fsanta-catarina%2Ftechsc%2Fnoticia%2F2021%2F04%2F25%2Ffintech-catarinense-prioriza-sustentabilidade-ao-avaliar-credito-de-pequenos-e-medios-empresarios.ghtml&syn=False&key=8179ab8de8adb9e51c5c469af02bd1f1"""
